tax_identification_number ,identification_type ,issuing_agency 
27,Computers,Lemke and Sons
43,Electronics,Bergnaum-Purdy
86,Outdoors,Koelpin-Olson
44,Kids,"Roob, Pacocha and Luettgen"
26,Industrial,Torp-Bayer
54,Garden,"Altenwerth, Padberg and Medhurst"
99,Grocery,Altenwerth LLC
44,Electronics,"Greenholt, Maggio and Kris"
75,Tools,Koepp Inc
53,Home,O'Reilly-Trantow
17,Tools,"Muller, Dooley and Ankunding"
78,Industrial,Jast Inc
65,Computers,Marvin and Sons
89,Kids,Gislason-Graham
48,Clothing,Osinski and Sons
9,Baby,Hansen LLC
45,Music,Baumbach Group
44,Beauty,"Howe, Kautzer and Boyer"
35,Movies,"Davis, Schimmel and Runolfsson"
6,Grocery,Toy Group
76,Outdoors,Willms Inc
97,Outdoors,"Barton, Rowe and Konopelski"
87,Electronics,"Kassulke, Schultz and Dickens"
2,Jewelry,Senger and Sons
99,Computers,Grant LLC
61,Tools,Oberbrunner LLC
55,Books,Dietrich-Denesik
33,Clothing,VonRueden-Sanford
13,Health,"Homenick, Upton and Konopelski"
1,Shoes,"Toy, Gislason and Heathcote"
100,Grocery,"Green, Stracke and Bins"
24,Home,Kuhic-Osinski
4,Books,"Moore, Blanda and Terry"
42,Garden,Rodriguez Inc
50,Outdoors,Kihn and Sons
36,Outdoors,Murazik-Kessler
2,Computers,Kassulke-Stark
26,Grocery,Wiza LLC
90,Clothing,Morissette-Kozey
86,Movies,Funk-Trantow
66,Industrial,Gerlach-Sawayn
33,Kids,Langworth LLC
27,Jewelry,Moore-Kuvalis
20,Toys,"Upton, Stokes and Pollich"
71,Clothing,Bins Group
89,Toys,Goldner Inc
50,Home,"Fisher, Parisian and Connelly"
5,Tools,Prohaska and Sons
41,Beauty,"Botsford, Kiehn and Stiedemann"
63,Shoes,"Hartmann, Ebert and Runte"
16,Clothing,"O'Reilly, Schmidt and Lang"
57,Sports,"Leannon, Rau and Yost"
43,Tools,Hartmann Group
44,Tools,"Lesch, Cormier and Gutmann"
17,Garden,"Howell, Champlin and O'Reilly"
83,Kids,Dietrich Inc
82,Clothing,Schoen Inc
49,Grocery,Bailey-Medhurst
9,Clothing,"Volkman, Smith and Gislason"
8,Beauty,Wiegand-Carroll
90,Toys,"Boehm, Klein and Bartoletti"
30,Health,Nolan Inc
27,Outdoors,"Bauch, Hauck and Gutmann"
47,Shoes,Greenholt LLC
72,Outdoors,McClure-Goodwin
46,Toys,"Paucek, Goodwin and Ernser"
8,Clothing,Smith-Smitham
90,Beauty,"Rath, Schiller and Ebert"
28,Grocery,Emmerich Group
93,Games,Reichel LLC
64,Jewelry,Murazik LLC
89,Jewelry,Mante-Harris
86,Tools,Beahan Inc
86,Computers,Reichel-Hoppe
37,Books,Mayert Inc
9,Baby,"Streich, Hammes and Krajcik"
46,Home,"Emard, Stiedemann and Hoeger"
23,Games,Terry-Watsica
11,Movies,Harber LLC
87,Industrial,"Rath, Hettinger and Hyatt"
46,Outdoors,Tillman-Johnston
15,Garden,Herzog Group
41,Jewelry,Mayer Group
89,Electronics,Parisian Group
4,Baby,O'Keefe Inc
30,Tools,"Fay, Ernser and Bernier"
20,Shoes,Kuhic and Sons
27,Sports,Gleason Group
6,Shoes,"West, Stark and Krajcik"
68,Home,Swift-Grant
8,Automotive,"Sanford, Kutch and Luettgen"
6,Outdoors,Davis Group
46,Computers,"Waters, Wehner and Walter"
67,Movies,"Harvey, Lebsack and Tillman"
88,Outdoors,Herman LLC
84,Toys,Kautzer Inc
34,Automotive,Roberts and Sons
26,Sports,Heller-Emmerich
96,Shoes,Jacobi Group
13,Sports,"Rosenbaum, Dietrich and Watsica"
66,Clothing,Baumbach-Muller
9,Garden,Lebsack-Yundt
61,Shoes,Walsh Inc
53,Home,"Ortiz, Hyatt and Kozey"
75,Electronics,"Ward, Hoeger and Kuhic"
78,Tools,"Connelly, Bergnaum and Farrell"
70,Shoes,Quigley-Kilback
77,Movies,Stark LLC
63,Outdoors,"Schaefer, Reilly and Batz"
56,Tools,"O'Conner, Rath and Farrell"
36,Movies,"Reilly, Considine and McGlynn"
90,Books,Huel Group
6,Games,Marks-Veum
67,Home,"Windler, Hagenes and Effertz"
28,Music,"Bruen, Hermann and Metz"
57,Health,"Sawayn, Walter and Waelchi"
100,Home,Bogan and Sons
17,Movies,"Will, Stiedemann and Greenfelder"
32,Beauty,Barrows-Schmeler
18,Industrial,Beer-Herzog
70,Industrial,"Cronin, Lemke and Morar"
10,Garden,"Schulist, Hane and Veum"
2,Industrial,"Rau, Rolfson and Predovic"
32,Games,Adams-Mann
19,Toys,Fahey and Sons
73,Clothing,Bashirian-Zieme
73,Home,Monahan Inc
56,Shoes,Considine and Sons
72,Clothing,Walter-Rippin
33,Beauty,"Prohaska, Gottlieb and Leffler"
90,Computers,Crona and Sons
45,Industrial,DuBuque-Greenholt
87,Automotive,Oberbrunner and Sons
30,Grocery,Bednar LLC
54,Books,Torphy LLC
44,Jewelry,Kuvalis Inc
27,Baby,Mante-Kuvalis
8,Home,"Shanahan, Von and Bins"
19,Clothing,Dickinson Inc
33,Grocery,McKenzie-Jaskolski
97,Movies,"Hodkiewicz, Corwin and Thompson"
82,Industrial,"Wunsch, Mayer and Metz"
48,Beauty,Nienow-Jacobs
26,Kids,"Homenick, Schmeler and Moen"
58,Kids,"Conn, Rolfson and Connelly"
87,Outdoors,Gislason-Ebert
14,Health,"Satterfield, Romaguera and Hettinger"
51,Games,"Kassulke, Murray and Feeney"
87,Health,"Larson, Wyman and Runte"
6,Shoes,Schroeder-Kling
36,Home,Medhurst-Hayes
100,Industrial,Gulgowski Inc
78,Toys,"Yost, Halvorson and Hoppe"
42,Baby,"Stark, Turner and Jones"
76,Toys,Luettgen-Gislason
15,Industrial,Douglas Group
66,Garden,Ryan Inc
15,Grocery,Bauch Inc
62,Games,Bayer Inc
35,Movies,"Schamberger, Miller and Murray"
33,Tools,Grant Inc
32,Beauty,Cormier Inc
71,Outdoors,Predovic Group
50,Games,Roberts Group
32,Electronics,Larson LLC
4,Grocery,Stroman Group
15,Garden,Friesen LLC
100,Baby,Goodwin-Hudson
79,Games,"Steuber, Stoltenberg and Runte"
61,Books,Considine-Christiansen
30,Games,"Metz, Rippin and Hettinger"
28,Grocery,Waelchi LLC
61,Outdoors,Stamm and Sons
5,Beauty,"Barton, Wolf and Hane"
79,Electronics,Kozey-Smitham
64,Tools,Kris-Kling
40,Industrial,Veum-Brekke
91,Home,Schuster and Sons
13,Computers,Torp LLC
43,Movies,"Denesik, Lindgren and Bernhard"
1,Electronics,Boehm Inc
24,Clothing,Crooks-Baumbach
94,Movies,"Lindgren, Tillman and Hand"
91,Toys,"Hamill, West and Zieme"
19,Kids,Sipes-Stoltenberg
6,Toys,Hoppe-Abernathy
61,Clothing,Harris-Hagenes
71,Health,"Bechtelar, Yost and Padberg"
38,Movies,Hahn LLC
100,Baby,Stracke Group
3,Garden,Bailey LLC
38,Books,Schuppe Inc
70,Home,"Yundt, Hegmann and Rutherford"
74,Home,"O'Kon, Stroman and Hoppe"
58,Computers,Schmeler LLC
44,Games,Mayert and Sons
72,Shoes,Kreiger Group
88,Garden,Veum-D'Amore
48,Kids,Bayer Group
93,Toys,"Wolff, Bergnaum and Renner"
98,Garden,Lehner-Luettgen
55,Music,Murazik LLC
70,Home,"Cormier, Toy and Smith"
91,Games,Hyatt Inc
70,Computers,Wyman-Sipes
10,Books,Ferry and Sons
34,Sports,"Streich, Schimmel and Brown"
71,Jewelry,Rowe and Sons
37,Jewelry,Torphy Inc
26,Beauty,Paucek-Kuhn
14,Computers,"Simonis, Bosco and Stiedemann"
83,Clothing,Muller Inc
97,Electronics,"Hirthe, Kertzmann and Grant"
42,Outdoors,Frami-Schmeler
39,Beauty,Nolan Inc
16,Tools,Wiegand Inc
82,Home,Lehner-Quigley
91,Beauty,Pouros Inc
73,Computers,Fritsch-Mitchell
60,Shoes,Ferry-Lockman
19,Garden,Orn Inc
62,Health,Osinski LLC
46,Books,Rau Group
74,Shoes,Corkery-Skiles
59,Garden,Bergnaum-Greenholt
43,Baby,"Hartmann, Feil and Streich"
93,Beauty,"Haag, Wiza and O'Conner"
36,Movies,Kohler Inc
38,Baby,Bailey-Rolfson
82,Shoes,Cremin Group
79,Games,"Armstrong, Hills and Wisoky"
7,Grocery,"Mosciski, Becker and Kilback"
84,Health,"Pfannerstill, Mitchell and Murazik"
20,Clothing,"Sawayn, Mueller and Schuster"
72,Garden,Trantow Inc
83,Shoes,West LLC
83,Beauty,Jones Inc
28,Sports,"Littel, Rath and West"
4,Kids,Parker-Hahn
57,Toys,Casper-Dooley
35,Jewelry,Weber LLC
33,Grocery,Beier and Sons
65,Beauty,"O'Hara, Gulgowski and Zieme"
42,Outdoors,"Dicki, Volkman and Morissette"
59,Home,Larkin-Lehner
72,Health,Jacobs LLC
67,Games,Konopelski-Heidenreich
78,Industrial,Pouros-Berge
36,Clothing,Turcotte Group
25,Toys,"Cremin, Kirlin and Spinka"
11,Kids,Lueilwitz-Bogan
85,Books,"Hessel, Daniel and Gutmann"
3,Tools,Blanda-Haag
20,Jewelry,"Paucek, Littel and Gleichner"
45,Books,Erdman Group
5,Home,Herzog-Borer
92,Kids,Donnelly-Wehner
35,Computers,Kshlerin Group
92,Kids,Walker and Sons
34,Home,O'Conner and Sons
93,Home,"Champlin, Balistreri and Feest"
66,Industrial,O'Reilly and Sons
84,Baby,"Bayer, Berge and Kuvalis"
69,Tools,"Von, Ryan and Bernier"
55,Industrial,Casper and Sons
59,Tools,Stiedemann-Baumbach
22,Toys,Schowalter-McClure
76,Jewelry,"Jerde, Wilderman and Lockman"
73,Books,"Bins, Macejkovic and Kozey"
100,Beauty,Williamson and Sons
38,Computers,Lebsack-Grant
14,Automotive,Jakubowski-Schiller
80,Garden,Rolfson-Ziemann
7,Home,Williamson Inc
28,Home,"Gerhold, Stanton and Murazik"
64,Games,"Schuppe, Daniel and Price"
50,Toys,Veum-Hermann
78,Electronics,"Lindgren, Schmitt and Heller"
47,Movies,"Cronin, Kutch and Towne"
5,Jewelry,Altenwerth Inc
37,Outdoors,Hettinger and Sons
9,Books,"Kemmer, Schuppe and Moen"
41,Tools,"Robel, Kohler and Roob"
36,Computers,Schmitt and Sons
79,Games,"Howe, Dickinson and Wisozk"
97,Outdoors,"Armstrong, Homenick and McLaughlin"
27,Home,Towne-Heidenreich
35,Computers,Ernser-Barrows
22,Automotive,"Parker, Robel and Schoen"
25,Automotive,Labadie and Sons
5,Home,"Jakubowski, Robel and Effertz"
82,Sports,Trantow Group
33,Computers,Stracke-Smitham
47,Automotive,"Abbott, Welch and Lebsack"
19,Garden,Brekke LLC
29,Music,Keebler-Hermiston
70,Garden,"Rau, Spinka and Kris"
68,Games,Harris-Bechtelar
1,Home,Schowalter LLC
33,Baby,Wisozk-O'Reilly
84,Shoes,"Robel, Waters and Boyer"
26,Industrial,Bogisich and Sons
21,Toys,Koepp-McGlynn
97,Home,Purdy LLC
13,Grocery,"Gleason, Wiegand and Koch"
6,Movies,"Borer, Smitham and Reinger"
55,Toys,Monahan-Ferry
67,Sports,"Konopelski, Kuphal and Treutel"
100,Computers,"Shields, Bruen and Borer"
40,Industrial,"Heaney, Stark and Little"
16,Garden,"Maggio, Funk and Zboncak"
67,Tools,Dicki LLC
67,Shoes,"Feeney, Kling and Boyle"
86,Clothing,Gislason-Wiegand
63,Industrial,Quigley-Gerlach
63,Industrial,Franecki Group
92,Sports,Nolan-Bosco
85,Shoes,Kling-Tremblay
12,Electronics,Hane LLC
48,Grocery,"Hahn, Sanford and Mohr"
65,Music,Harris Inc
92,Kids,Wolff and Sons
68,Books,Roob-Veum
74,Movies,Grant-Connelly
85,Health,Glover Group
59,Sports,Lind and Sons
25,Books,Bayer-Nicolas
65,Games,"Hammes, Zemlak and Nolan"
39,Kids,"Schimmel, Wiza and Quitzon"
1,Jewelry,"Cremin, Waelchi and Schiller"
76,Grocery,"Kautzer, Quitzon and Ferry"
76,Shoes,Ernser-Schulist
77,Toys,"Prohaska, Moore and Klein"
55,Industrial,Glover Inc
62,Games,"Emmerich, Stanton and Sauer"
21,Outdoors,"Ernser, Kirlin and Lemke"
14,Music,Wisoky and Sons
92,Computers,"O'Hara, Graham and Kiehn"
11,Sports,"Kautzer, Abbott and Donnelly"
78,Shoes,Pfannerstill-Rau
60,Clothing,"Fay, Blick and Greenfelder"
26,Electronics,"Runte, Swaniawski and Reilly"
89,Tools,"Orn, Hirthe and Howe"
52,Grocery,Muller-Brown
69,Grocery,"Tromp, Jerde and Jast"
84,Grocery,Bartell LLC
22,Games,Lemke Inc
25,Health,"Rosenbaum, Dietrich and Hessel"
62,Automotive,Nader and Sons
47,Grocery,Koelpin-Casper
2,Grocery,Wunsch-Murazik
34,Music,Kerluke-Frami
90,Music,"Kunde, Dicki and Bartoletti"
19,Sports,Skiles and Sons
71,Sports,"Cummerata, Bogan and Ledner"
21,Tools,Terry Group
68,Music,Botsford-Miller
41,Jewelry,"Emmerich, Windler and Volkman"
5,Baby,"Trantow, Gottlieb and Rau"
75,Jewelry,"Johnson, Stamm and Sporer"
55,Industrial,Jaskolski-Upton
23,Outdoors,Ratke and Sons
69,Outdoors,"Pfeffer, Buckridge and Ortiz"
72,Clothing,"Davis, Nienow and Keebler"
49,Grocery,"Breitenberg, Cummings and King"
18,Clothing,Olson-Wilderman
21,Books,"Fahey, Rogahn and Steuber"
41,Automotive,"Halvorson, Buckridge and Littel"
1,Grocery,Corwin Inc
6,Games,Goodwin-Parisian
55,Computers,"Toy, Cormier and Crooks"
23,Computers,Kassulke Inc
23,Movies,Boehm-Beahan
65,Movies,"Ortiz, Tillman and Huel"
45,Automotive,Schneider Inc
82,Clothing,Welch-Cartwright
27,Jewelry,Smitham-Bogan
5,Beauty,Fadel Inc
8,Books,"Carter, Hagenes and Prosacco"
34,Sports,Welch Inc
47,Electronics,"Tillman, Kuhlman and Beier"
38,Clothing,Gusikowski-Tillman
42,Movies,"McGlynn, Zieme and VonRueden"
83,Industrial,Powlowski-Howe
3,Kids,Schamberger Group
36,Electronics,"Treutel, Bartell and Raynor"
15,Shoes,Huels-Kertzmann
34,Garden,Kuhn-Schuppe
20,Garden,"Reilly, Jakubowski and Willms"
8,Baby,Goyette-Romaguera
10,Health,"Pollich, Crooks and Lynch"
63,Jewelry,"Brakus, Rutherford and Schoen"
8,Shoes,Anderson Group
98,Grocery,"Kuphal, Prohaska and Lehner"
19,Books,Nicolas-Bogisich
31,Movies,Bashirian and Sons
23,Sports,Casper-Brekke
59,Home,"Pouros, Strosin and Witting"
40,Electronics,Turcotte LLC
71,Toys,"Shields, Price and Funk"
14,Music,Witting and Sons
88,Computers,Skiles LLC
63,Shoes,Marks-Oberbrunner
14,Music,"King, Greenfelder and Marquardt"
57,Clothing,Hegmann-Johns
89,Health,Swift Group
66,Toys,Hoeger and Sons
100,Shoes,"Streich, Zieme and Wolff"
73,Games,Lubowitz LLC
4,Grocery,"Lowe, Daugherty and Stokes"
40,Outdoors,O'Conner Inc
66,Automotive,"Kshlerin, Watsica and Bernhard"
94,Jewelry,Skiles Group
74,Clothing,Zieme-Funk
72,Movies,Runte-Koepp
4,Automotive,Abbott-Ryan
22,Grocery,Jakubowski-Rempel
39,Garden,"Hintz, Ankunding and Kunde"
47,Jewelry,Zieme LLC
90,Beauty,"Bernier, Bernhard and Labadie"
100,Kids,"Williamson, Heaney and Conroy"
18,Baby,Rice-Yost
22,Home,Koelpin Inc
10,Shoes,Sanford Group
20,Games,Lakin-Hudson
60,Books,"Moen, Batz and Koss"
5,Electronics,Jacobs-Friesen
15,Electronics,Hansen-Kling
3,Home,"McGlynn, Langosh and Carroll"
100,Movies,Kemmer and Sons
89,Sports,"Bauch, Weissnat and Wuckert"
58,Home,Rodriguez Group
4,Games,Dickinson and Sons
88,Movies,Gleichner Group
86,Grocery,Greenholt-Durgan
73,Grocery,MacGyver-Howell
41,Electronics,Durgan LLC
84,Toys,"Roob, Greenholt and Hagenes"
96,Outdoors,Ziemann and Sons
69,Jewelry,"Wehner, Wiza and Turcotte"
49,Games,Turcotte Group
7,Outdoors,Kulas Group
24,Home,Bergnaum LLC
79,Electronics,"Kreiger, Schmidt and Strosin"
74,Home,Roob LLC
43,Toys,Schmidt LLC
79,Home,Hamill LLC
70,Health,"Rohan, Tromp and Effertz"
28,Movies,Brakus and Sons
12,Music,Roob-Hartmann
49,Toys,"Schiller, Bartell and Gutkowski"
96,Beauty,Wilderman-Yundt
23,Clothing,Farrell and Sons
18,Toys,Hartmann Group
78,Health,"Kautzer, Nienow and Satterfield"
20,Computers,"Hintz, Schaden and Carter"
81,Shoes,Kuphal-Bode
16,Shoes,McKenzie-Lubowitz
26,Sports,Schinner LLC
76,Grocery,Jacobson and Sons
7,Computers,Schuppe-Waelchi
76,Tools,Breitenberg-Graham
66,Clothing,"Barton, Wolf and Weimann"
68,Jewelry,Reichert-Fahey
20,Books,Roob-Nicolas
28,Toys,Ondricka and Sons
25,Grocery,Witting LLC
78,Automotive,"Kassulke, Grimes and Bruen"
41,Outdoors,Okuneva-Mraz
99,Automotive,Crona-Daniel
52,Tools,"Labadie, O'Hara and Ryan"
4,Sports,Barrows-Volkman
74,Jewelry,Grimes Group
49,Outdoors,Hintz Inc
66,Garden,"Rau, Ryan and Christiansen"
63,Jewelry,Yundt-Becker
21,Shoes,Lindgren and Sons
94,Computers,Swift LLC
32,Garden,Medhurst-Satterfield
84,Baby,Koss Inc
69,Jewelry,Wolff Group
44,Movies,Kautzer-Roberts
13,Health,Koelpin-Lemke
29,Movies,McLaughlin Inc
8,Computers,"Crona, Grady and Crist"
60,Grocery,"Wiza, Kohler and Brown"
26,Outdoors,Hand Group
98,Industrial,Sawayn Group
82,Sports,Quitzon LLC
22,Home,Cole Inc
31,Industrial,Buckridge Inc
53,Jewelry,"Labadie, Cremin and Jacobson"
85,Home,"Gerlach, Romaguera and Yost"
62,Computers,Bins LLC
89,Music,Farrell-Jerde
91,Tools,"Fadel, Morar and Bartell"
3,Shoes,Harvey Group
91,Computers,"Bailey, Padberg and Schamberger"
61,Health,"Wilderman, Lockman and Mraz"
45,Movies,Goyette Group
93,Electronics,"Stroman, Berge and Ward"
22,Garden,Keeling-Daniel
11,Clothing,"Fahey, Wiegand and Grant"
8,Tools,Ernser-Kutch
83,Shoes,O'Connell-Marvin
16,Tools,Hodkiewicz Inc
37,Music,Hand LLC
79,Garden,Rodriguez-Maggio
56,Garden,Pollich and Sons
84,Books,VonRueden Inc
50,Books,Maggio-Gorczany
39,Tools,Deckow LLC
28,Kids,Sanford LLC
91,Beauty,Mills LLC
13,Music,"Schamberger, Marks and Johns"
42,Outdoors,Cassin-Ritchie
96,Automotive,Lehner LLC
80,Books,"Okuneva, Dicki and Lockman"
64,Health,Heidenreich LLC
77,Outdoors,Hodkiewicz and Sons
61,Home,"Doyle, Connelly and Prohaska"
53,Movies,Gottlieb-Runte
63,Outdoors,"Strosin, Fadel and Wilderman"
60,Beauty,"Runte, Rath and Senger"
97,Beauty,Rohan-Koelpin
21,Outdoors,"Von, Kessler and Kertzmann"
10,Sports,"Auer, Berge and Schneider"
63,Books,"Ortiz, Welch and Will"
30,Shoes,Hudson and Sons
76,Music,McLaughlin Inc
44,Health,"Thompson, Lubowitz and Koss"
9,Garden,Batz-Simonis
31,Electronics,"Russel, Ernser and Dickens"
34,Industrial,"Pagac, Pouros and Ullrich"
11,Automotive,"Zulauf, Schumm and Prohaska"
39,Health,Carroll-Franecki
81,Toys,Leannon Group
60,Tools,Kozey Inc
77,Movies,"Waters, Thiel and Jaskolski"
64,Sports,Olson-Farrell
15,Garden,Marks and Sons
29,Automotive,Koch-Orn
35,Shoes,Lowe-Ullrich
75,Tools,"Funk, Sipes and Kunde"
15,Games,Schmitt and Sons
78,Grocery,Lakin-Grady
7,Grocery,"Jones, Schmidt and Parisian"
89,Computers,Weber-Farrell
75,Industrial,Stark Group
85,Jewelry,"Windler, Bayer and Carter"
61,Home,Leannon-Rau
59,Sports,Ondricka LLC
66,Games,McKenzie-Dooley
6,Games,Veum and Sons
81,Sports,Miller and Sons
62,Garden,Cassin-Altenwerth
2,Electronics,McGlynn-Muller
73,Automotive,Ryan-Conroy
68,Kids,"Bailey, Grady and Lueilwitz"
38,Industrial,Auer LLC
18,Tools,"Maggio, Boehm and Nikolaus"
32,Movies,Larson and Sons
59,Clothing,Balistreri LLC
72,Shoes,Price-Collins
24,Jewelry,Boyle-O'Conner
19,Music,Adams Group
18,Automotive,Gutkowski Group
38,Baby,"Raynor, Wolff and Farrell"
30,Music,"Oberbrunner, Reichert and O'Connell"
16,Shoes,"Borer, Carter and Reinger"
29,Sports,Herzog and Sons
45,Tools,"Paucek, Emmerich and Hermiston"
44,Tools,"VonRueden, Bode and Ward"
50,Health,"Satterfield, Zboncak and Sipes"
4,Toys,Kshlerin LLC
19,Automotive,Frami-Emmerich
17,Books,Padberg-McClure
52,Outdoors,Yost Inc
17,Tools,Lind Inc
95,Electronics,"Orn, McKenzie and West"
18,Computers,"Torp, Fay and Swift"
98,Clothing,"Bernier, Kunde and Lockman"
37,Beauty,Orn LLC
39,Baby,"Shanahan, Johns and Pfannerstill"
33,Home,Gleichner-O'Connell
49,Garden,Kozey-Stokes
70,Electronics,"Kassulke, Beier and Braun"
43,Electronics,Heidenreich LLC
10,Garden,Toy-Fadel
60,Shoes,Grady-Schmeler
82,Music,Schneider-Hintz
69,Sports,Nader Group
28,Home,"Renner, Sanford and Bashirian"
1,Music,Smith-Moen
43,Books,"Lynch, McGlynn and Donnelly"
77,Clothing,"Marquardt, Nolan and Toy"
98,Clothing,Mertz Inc
15,Tools,"Hettinger, Greenfelder and Greenholt"
72,Home,McGlynn Group
51,Outdoors,Buckridge LLC
92,Garden,Larson Inc
35,Sports,Pouros-Schumm
56,Games,Aufderhar-Bechtelar
47,Tools,"Padberg, Kiehn and Senger"
67,Clothing,Douglas-Fisher
75,Toys,Quitzon Inc
81,Beauty,"Wilderman, Greenfelder and Hilll"
45,Beauty,"Boyer, Hyatt and Stoltenberg"
23,Baby,"Casper, Dickinson and Hartmann"
10,Kids,"Haag, Hackett and Bosco"
53,Shoes,Macejkovic Group
23,Beauty,"Miller, Zulauf and Gorczany"
3,Kids,"Bahringer, Glover and Stokes"
61,Jewelry,Miller and Sons
9,Toys,Jones-Bashirian
91,Clothing,VonRueden Inc
94,Baby,Aufderhar Group
27,Electronics,"Hane, Boyle and Herman"
67,Movies,Boehm-Hudson
31,Toys,Hammes and Sons
17,Electronics,Veum Group
63,Health,Bruen Inc
2,Shoes,Feest-Brakus
76,Home,"Volkman, Satterfield and Moen"
46,Games,"Tillman, Turner and Zemlak"
63,Automotive,"McGlynn, Hirthe and Zieme"
28,Toys,Shanahan LLC
65,Home,Spinka Group
19,Jewelry,Farrell Group
97,Games,"Towne, Larkin and Hills"
24,Garden,Dooley-Glover
74,Music,Langosh-Cruickshank
15,Tools,Brekke-Runolfsson
74,Games,"Kozey, Collins and Hilpert"
87,Jewelry,Schmeler LLC
93,Music,"Hayes, Zboncak and Kerluke"
45,Beauty,Smitham Inc
47,Sports,Krajcik-Nitzsche
86,Health,Reilly-Cremin
12,Electronics,Padberg-Kertzmann
15,Books,"Will, Lynch and Hermiston"
52,Music,Prohaska-Kutch
36,Computers,"Legros, Abbott and Green"
51,Grocery,Fadel LLC
7,Outdoors,Brakus-Morar
26,Shoes,"Corkery, Sauer and Schmidt"
63,Computers,"Brown, Weissnat and Prohaska"
72,Games,"Morissette, Gottlieb and Schaefer"
70,Outdoors,"Cummerata, Crist and Beer"
27,Music,"Hilll, Klocko and Lueilwitz"
63,Kids,"Windler, Koss and Wiza"
27,Outdoors,Monahan-Haley
80,Clothing,Wisoky-Wiegand
73,Automotive,Bernier Group
21,Toys,Bosco-Keeling
3,Movies,"Wyman, Reilly and Rohan"
28,Music,Heller and Sons
54,Baby,"Dooley, Ratke and Stracke"
61,Clothing,Rath and Sons
11,Industrial,Stracke-Carter
95,Books,Nolan LLC
58,Movies,Turcotte-Schimmel
20,Computers,Romaguera-Mertz
58,Baby,Haley-Runolfsdottir
38,Automotive,"Purdy, Weimann and Spinka"
73,Books,Osinski-Rutherford
24,Toys,"Borer, Little and Schulist"
85,Grocery,Macejkovic and Sons
52,Shoes,Mueller-Stracke
66,Shoes,Schmitt Group
3,Toys,Kunze LLC
65,Electronics,"Pacocha, Dickens and Schamberger"
86,Automotive,Kling-Becker
38,Garden,"Pouros, Ratke and Kozey"
14,Baby,"Larkin, Marks and Sauer"
88,Grocery,"Boyer, Lesch and Bailey"
90,Outdoors,Green-Ernser
59,Grocery,Schmeler-Pagac
47,Outdoors,Legros-Hodkiewicz
87,Tools,Johnston-Pouros
99,Computers,Beer-Gutmann
58,Shoes,O'Kon LLC
27,Games,West Inc
56,Automotive,VonRueden and Sons
85,Industrial,"Collins, Wyman and Spinka"
18,Music,"Ortiz, Stoltenberg and Doyle"
93,Home,"Simonis, Brekke and Cruickshank"
65,Garden,"Ferry, Weimann and Rodriguez"
61,Movies,Turcotte-Kovacek
5,Industrial,"Brown, Grady and Fadel"
55,Home,"Krajcik, Shields and Bruen"
84,Movies,Kub-Conroy
56,Electronics,"Mraz, Emard and Frami"
21,Sports,Rice-Hoeger
80,Movies,"Gleason, Waelchi and Fisher"
77,Outdoors,Cassin-O'Hara
38,Sports,Considine-Carter
82,Outdoors,Watsica Group
20,Garden,"Walter, Hills and Schowalter"
50,Grocery,"Smitham, Bruen and Schinner"
60,Baby,Runte-Schowalter
86,Electronics,"Farrell, Quitzon and Hane"
84,Electronics,Wehner Inc
65,Toys,Walsh-Ernser
97,Beauty,Morissette-Cole
83,Outdoors,Nicolas-Abernathy
36,Electronics,Konopelski and Sons
83,Home,Harber LLC
57,Baby,Erdman-Jaskolski
16,Clothing,Rice Group
12,Tools,Jakubowski LLC
66,Computers,Dickens Group
28,Shoes,"Crist, VonRueden and Trantow"
30,Music,"Mayer, Brekke and Mueller"
42,Garden,Stanton-Cassin
87,Outdoors,Huels-Weimann
41,Music,Crona Group
60,Outdoors,Zemlak-Tillman
71,Health,"D'Amore, Spencer and MacGyver"
6,Clothing,Gutmann-Dach
79,Electronics,Johnston Inc
77,Garden,Klocko-Mraz
98,Shoes,Carroll Inc
13,Baby,Howe-Leannon
62,Tools,"Reichel, Schiller and Kreiger"
74,Shoes,"Upton, Prosacco and Zboncak"
72,Grocery,"McCullough, Cruickshank and Wisoky"
58,Home,Senger LLC
74,Toys,"McDermott, Haley and Connelly"
56,Jewelry,"Weimann, Greenholt and Schmitt"
54,Movies,Auer Group
61,Industrial,"Schimmel, Sporer and Jacobson"
34,Books,Marks Inc
90,Garden,Hegmann-Balistreri
53,Toys,"Schamberger, Dickens and Schneider"
63,Music,Graham and Sons
26,Computers,Huel-Ziemann
74,Computers,Upton LLC
61,Sports,Pacocha and Sons
4,Books,Prosacco LLC
72,Movies,Hagenes-Sawayn
15,Toys,"Borer, Pfannerstill and Durgan"
21,Computers,"Gusikowski, Kulas and Goldner"
74,Beauty,Bednar and Sons
60,Computers,Hermiston and Sons
89,Movies,Rosenbaum-Barton
60,Outdoors,Dicki Inc
36,Industrial,Hansen LLC
80,Grocery,Conn-Casper
32,Grocery,"Dach, Marks and Olson"
94,Industrial,Crist-Dooley
10,Music,Mosciski and Sons
8,Clothing,Swaniawski-Marquardt
78,Computers,"Kuphal, Hermann and Koch"
70,Computers,"Fisher, Becker and Erdman"
73,Grocery,Hilll-Sawayn
58,Electronics,Wisozk Group
54,Electronics,Mertz-Connelly
91,Garden,"Bogan, Wilkinson and Renner"
37,Grocery,Morar Inc
3,Health,Gusikowski Inc
25,Jewelry,Effertz-Rodriguez
80,Beauty,Mosciski LLC
58,Automotive,Kirlin-Grimes
30,Movies,Smith-Bosco
77,Books,"Green, Labadie and Metz"
90,Automotive,Miller LLC
33,Toys,Windler LLC
30,Tools,Jacobs and Sons
56,Movies,Bechtelar LLC
60,Movies,Hammes-Feil
43,Jewelry,Hermann LLC
59,Computers,Kirlin-Jenkins
47,Movies,Hermiston-Franecki
59,Baby,"Bartoletti, Stracke and Keeling"
55,Books,Franecki-Schneider
56,Kids,"Anderson, Hansen and Crist"
82,Outdoors,"Tromp, Wolff and Weber"
41,Shoes,Reinger and Sons
26,Baby,"Walsh, Wunsch and Harris"
2,Kids,"Reinger, Tremblay and Rogahn"
76,Outdoors,Hintz LLC
20,Books,Glover Inc
6,Toys,Kris and Sons
21,Grocery,"Collins, Lemke and Kassulke"
66,Industrial,"Torp, King and Keeling"
7,Electronics,Brakus-Trantow
35,Books,Kohler-Padberg
38,Health,"Bailey, Feeney and Harber"
93,Health,Gibson Group
50,Music,Ullrich Group
57,Music,Reynolds-Bergstrom
24,Beauty,Reichert and Sons
71,Games,Gulgowski-Quigley
10,Baby,Gleason LLC
15,Jewelry,"Wisozk, Prosacco and Walker"
1,Industrial,"Bashirian, Yost and Schaden"
92,Games,Donnelly-Gusikowski
31,Sports,"Green, Gleichner and Roob"
94,Clothing,Grant Inc
79,Automotive,Hahn-Ernser
38,Movies,Willms-Beahan
91,Sports,Bahringer-Altenwerth
82,Garden,Muller-Ondricka
15,Automotive,"Ernser, Miller and Bechtelar"
77,Kids,Pagac-Okuneva
52,Computers,Reilly Group
38,Beauty,"O'Kon, Hahn and King"
34,Games,"Lesch, Hahn and Huels"
43,Health,Barrows and Sons
94,Sports,Heller LLC
79,Tools,O'Keefe LLC
57,Jewelry,"Lowe, Roberts and Hane"
60,Shoes,"Mayert, Schuster and Oberbrunner"
37,Jewelry,"Hammes, Rohan and Morissette"
32,Health,Casper Group
28,Books,Kuvalis-Kirlin
14,Automotive,Jacobson-Mohr
35,Baby,"Hilpert, Conroy and Moore"
45,Grocery,Stark-Mueller
26,Industrial,Rau-Franecki
66,Computers,Mosciski Group
6,Sports,Ziemann-Turcotte
34,Automotive,Stanton-Hane
49,Movies,Mante-Koch
29,Books,"Schaefer, Aufderhar and Yost"
67,Automotive,"Johns, Casper and Conroy"
30,Jewelry,Goldner-Feil
56,Grocery,Terry-Gislason
76,Kids,"Hermann, Herzog and Hammes"
30,Outdoors,Brakus-Purdy
76,Jewelry,"Beatty, Trantow and Wilderman"
41,Shoes,Harvey and Sons
98,Shoes,Toy Inc
93,Games,Adams-Herzog
36,Industrial,Zemlak-Ryan
12,Baby,Nienow Inc
18,Games,Douglas-Osinski
66,Kids,"Predovic, Brown and Cole"
87,Electronics,"Willms, Senger and Ferry"
8,Automotive,"Halvorson, Franecki and Dooley"
95,Baby,Feeney Inc
59,Industrial,Zemlak Group
65,Garden,"Wyman, Schmidt and Berge"
96,Sports,Hammes-Morissette
86,Automotive,Cassin-Gottlieb
72,Movies,Stracke-Berge
56,Music,"Barrows, Huels and Mitchell"
79,Baby,Metz-Orn
49,Clothing,Ebert-Jaskolski
62,Music,"Effertz, Hoppe and McClure"
43,Sports,Kertzmann-Borer
25,Movies,Terry Inc
98,Grocery,Gleason-Bruen
62,Outdoors,"Macejkovic, Feeney and Gislason"
98,Garden,"Casper, Ward and Quitzon"
52,Automotive,Boyer LLC
69,Tools,"Zulauf, Cronin and Boyer"
72,Garden,Hessel and Sons
13,Outdoors,Roberts Inc
65,Outdoors,Sanford Group
66,Clothing,Schinner-Mayert
49,Jewelry,Rowe Inc
82,Music,Windler Group
93,Movies,Schamberger LLC
75,Baby,"Armstrong, Jacobson and Corkery"
19,Baby,"Adams, Carter and Hudson"
31,Sports,Lueilwitz LLC
54,Grocery,"Douglas, Weissnat and Cartwright"
19,Toys,Prosacco-Conn
82,Toys,"Wisozk, Schumm and Bayer"
55,Garden,"Aufderhar, Bruen and Cummings"
77,Tools,Kassulke Inc
13,Music,Littel-Price
83,Industrial,"Lakin, Carroll and Wisozk"
82,Automotive,Willms-Zulauf
68,Garden,"Torphy, Considine and Abernathy"
89,Movies,Kirlin LLC
65,Kids,Morar-Kirlin
81,Electronics,"Gerhold, Rath and Skiles"
99,Grocery,Marks Group
24,Books,Spencer-Terry
55,Tools,"Beer, Shanahan and Quigley"
56,Books,"Kuphal, Auer and Beatty"
56,Tools,"Walter, Boyer and Beahan"
45,Sports,Lesch Group
45,Movies,"Bartell, Sauer and Wolf"
28,Games,"Metz, Towne and Fisher"
64,Toys,Pfeffer Group
59,Baby,Sanford-Price
13,Outdoors,Witting Group
60,Grocery,Graham-Macejkovic
37,Beauty,"Kuhic, Lebsack and Willms"
56,Electronics,Nader Inc
24,Grocery,"Towne, Torphy and Heller"
9,Baby,Swaniawski-Quigley
100,Clothing,Altenwerth-Stark
55,Industrial,Haag-Jones
23,Movies,"Konopelski, Zieme and Blanda"
40,Movies,Steuber Inc
10,Automotive,"Pollich, Rippin and Greenholt"
42,Computers,Hermann-Wisozk
27,Home,Kunze LLC
64,Sports,"Crona, Heathcote and Lakin"
83,Automotive,"Fisher, Klocko and Doyle"
65,Computers,"Walker, Bergstrom and Hintz"
5,Jewelry,Heller Group
64,Industrial,Adams-Weber
53,Toys,Hessel and Sons
4,Jewelry,"Koelpin, Kutch and Carroll"
48,Games,Shields-Deckow
91,Sports,"Lubowitz, Gulgowski and Greenfelder"
40,Outdoors,"O'Kon, Swift and Prosacco"
72,Computers,"Swift, Koepp and Huel"
82,Outdoors,"Dibbert, Simonis and Runolfsdottir"
35,Grocery,Gerlach-Christiansen
84,Home,Lindgren-Walker
72,Garden,Rohan-Johns
49,Shoes,"Littel, Jakubowski and Harber"
52,Jewelry,"Sauer, Schumm and Bechtelar"
58,Beauty,"Klocko, Feest and Kuvalis"
64,Automotive,Ernser LLC
4,Electronics,Rath-Auer
29,Jewelry,Koepp-Morissette
58,Tools,"Ward, Braun and Lubowitz"
33,Health,Emmerich-Jones
76,Industrial,"Rolfson, Shields and Feil"
62,Games,Krajcik-Bogisich
87,Computers,"Larkin, Buckridge and Walter"
58,Books,Wyman-Mosciski
72,Movies,Johns-Cruickshank
68,Baby,Abbott Inc
86,Grocery,Zulauf-Morar
90,Outdoors,"Parisian, Mohr and Homenick"
93,Garden,Rempel-Hudson
18,Automotive,Hermiston and Sons
63,Outdoors,Anderson-Waelchi
82,Baby,"Orn, Volkman and Hessel"
54,Home,Emmerich LLC
15,Toys,Dare and Sons
73,Automotive,Marvin and Sons
78,Music,Ziemann-McDermott
24,Music,Nolan and Sons
81,Baby,Grady and Sons
27,Computers,Jenkins LLC
26,Kids,Wolf-Wunsch
89,Home,"Vandervort, Funk and Powlowski"
79,Clothing,Conroy-Hilpert
40,Baby,"Johnson, Trantow and Ratke"
78,Home,Terry Inc
31,Jewelry,"Zboncak, Boyle and O'Connell"
36,Electronics,"Buckridge, Franecki and Funk"
59,Baby,Wyman-Towne
34,Grocery,Williamson Group
63,Toys,Bernhard LLC
85,Garden,O'Connell-Heaney
29,Clothing,Harvey-Koch
82,Home,"Breitenberg, Boehm and Satterfield"
90,Jewelry,Towne and Sons
54,Health,Reichert-Goldner
92,Shoes,Runte-O'Conner
87,Games,Connelly-Gerlach
60,Automotive,"Ward, Kozey and Nienow"
10,Home,Deckow-Gleason
35,Tools,"Friesen, Pfeffer and Volkman"
68,Shoes,"Ullrich, Mann and Little"
13,Jewelry,Leffler-Hermann
84,Music,Rath-Jenkins
34,Sports,Pacocha LLC
27,Garden,Dooley-Leannon
33,Industrial,Cassin-Ward
22,Clothing,D'Amore-Bogisich
5,Health,Grant-Rippin
16,Electronics,Blick-Rodriguez
85,Grocery,Bauch Inc
53,Toys,Braun Group
69,Music,"Wisozk, Rippin and Zieme"
98,Shoes,Moore Inc
26,Grocery,Frami and Sons
64,Baby,Powlowski-Green
62,Beauty,"Kovacek, Glover and Mante"
5,Beauty,Franecki-Fritsch
78,Movies,Hintz-Kilback
56,Tools,Senger-Maggio
90,Electronics,Kub-Mraz
82,Grocery,"Walter, Considine and Schmitt"
94,Grocery,"Vandervort, Harris and Hudson"
11,Books,O'Reilly Group
5,Toys,"Schaden, Green and Leannon"
24,Home,Goldner-Simonis
70,Health,"Wilkinson, Barton and Hudson"
69,Grocery,Heathcote-Herzog
28,Baby,Murray Group
95,Jewelry,"Mante, Buckridge and Sawayn"
9,Computers,Leffler-Muller
94,Tools,Erdman-Parker
52,Automotive,"Funk, Greenfelder and Hills"
19,Books,Goodwin LLC
94,Books,"Emmerich, Jaskolski and Hauck"
98,Beauty,Senger Group
